status, ch0, ch1, ch2, ch3, ch4, ch5, ch6, ch7 
0.000,2893498,3263707,1376691,2931914,3651154,653338,1558200,5464 
0.001,2884783,3193461,1347296,2916029,3623256,648837,1522474,4224 
0.002,2878173,3194057,1349073,2917181,3677876,642958,1530508,-3433 
0.007,2881249,3260681,1382411,2937444,3816791,643953,1578644,-5505 
0.014,2892521,3303283,1398049,2944653,3784561,649160,1592564,-3298 
0.015,2893109,3261578,1375886,2931448,3649632,653199,1557216,5681 
0.017,2884468,3191664,1346688,2915670,3623026,648528,1521864,4016 
0.018,2878010,3193652,1349239,2917199,3679469,642706,1530762,-3694 
0.019,2881390,3260834,1382791,2937496,3817868,643941,1578899,-5635 
0.020,2893038,3302715,1398378,2944899,3783899,649472,1592649,-3226 
0.021,2893612,3260642,1376128,2931787,3648250,653559,1557239,5771 
0.022,2884794,3191390,1346956,2915868,3622483,648737,1522054,3993 
0.024,2878294,3194229,1349924,2917688,3680639,643001,1531642,-3521 
0.025,2881801,3261288,1383441,2937921,3819488,644217,1579653,-5544 
0.031,2893222,3302239,1398195,2944756,3780443,649530,1592248,-3251 
0.032,2893366,3258555,1375295,2931152,3645931,653468,1556183,5735 
0.033,2884596,3190194,1346702,2915708,3621944,648791,1521783,4006 
0.034,2877996,3194264,1350181,2917929,3682940,642831,1532320,-3737 
0.035,2881819,3261968,1383816,2938030,3819376,644166,1580243,-5676 
0.036,2893124,3302058,1397951,2944488,3776493,649626,1591929,-3010 
0.037,2892927,3256862,1374534,2930618,3643542,653336,1555314,5920 
0.038,2884101,3188616,1346028,2915243,3621806,648369,1521126,3765 
0.039,2877951,3194551,1350510,2918046,3685397,642760,1532805,-3782 
0.040,2882163,3262444,1384416,2938468,3821656,644264,1581042,-5696 
0.041,2893615,3301583,1398076,2944739,3774044,649798,1591918,-3008 
0.048,2893126,3255096,1374347,2930654,3642049,653572,1554939,6103 
0.049,2884286,3187006,1346041,2915319,3622397,648509,1521129,3718 
0.050,2878031,3194826,1350977,2918265,3685796,642848,1533523,-3932 
0.051,2882131,3263359,1384898,2938654,3820466,644336,1581754,-5696 
0.052,2893241,3300756,1397674,2944207,3771165,649717,1591329,-2911 
0.054,2892849,3253638,1373668,2930267,3641744,653430,1554302,6124 
0.056,2884133,3186498,1345819,2915224,3621398,648343,1521056,3568 
0.057,2877908,3195748,1351779,2919394,3688088,642757,1535104,-3904 
0.060,2882337,3264470,1385725,2940042,3822792,644385,1583373,-5597 
0.068,2893406,3300016,1397480,2944108,3769014,649744,1591001,-2907 
0.070,2892604,3252083,1373179,2929881,3638778,653378,1553549,6171 
0.071,2883806,3185550,1345635,2914989,3621455,648231,1520898,3524 
0.072,2877840,3195235,1351806,2918699,3688996,642722,1534836,-3976 
0.073,2882590,3263689,1385748,2939242,3823436,644549,1582875,-5536 
0.084,2893971,3298881,1397508,2944361,3766658,650138,1590929,-2643 
0.085,2892928,3249720,1372646,2929753,3638105,653569,1552909,6244 
0.086,2883928,3184717,1345348,2914816,3619904,648078,1520603,3256 
0.087,2877959,3195594,1352230,2919046,3691393,642743,1535641,-3981 
0.088,2882841,3264457,1386318,2939534,3824883,644613,1583653,-5729 
0.088,2894115,3299105,1397553,2944183,3763980,650239,1590793,-2642 
0.089,2892858,3248836,1372528,2929714,3636070,653590,1552725,6366 
0.089,2883849,3184133,1345457,2915221,3619814,648197,1520852,3395 
0.090,2877808,3196234,1352609,2919328,3692409,642694,1536186,-4026 
0.090,2882851,3265464,1386943,2940291,3825743,644579,1584624,-5647 
0.100,2894013,3299502,1397727,2945133,3761899,650109,1591394,-2587 
0.101,2892606,3247319,1371843,2929416,3634717,653468,1551924,6436 
0.102,2883674,3182646,1345008,2914738,3619306,647951,1520270,3169 
0.103,2877739,3196104,1352884,2919410,3693741,642585,1536714,-4114 
0.104,2882987,3265163,1387094,2940024,3825025,644574,1584681,-5628 
0.104,2893934,3297208,1396893,2943588,3758103,650128,1589634,-2378 
0.105,2892383,3244831,1371225,2928958,3635027,653410,1551151,6489 
0.105,2883596,3181360,1344886,2914623,3619919,647851,1520159,2909 
0.106,2877790,3196807,1353508,2919771,3694504,642624,1537528,-4263 
0.107,2883043,3266264,1387640,2940213,3824638,644663,1585299,-5730 
0.113,2894120,3297221,1397219,2944093,3756478,650308,1590031,-2252 
0.118,2892455,3244873,1371721,2930514,3634564,653448,1552304,6581 
0.118,2883534,3181227,1344907,2914889,3619673,647686,1520281,2824 
0.119,2877822,3197089,1353964,2920099,3696718,642580,1538088,-4211 
0.120,2883302,3266706,1388078,2940439,3825706,644715,1585706,-5602 
0.120,2894313,3296458,1396955,2943637,3754109,650378,1589398,-2094 
0.121,2892351,3242231,1370574,2928650,3632669,653326,1550198,6578 
0.121,2883450,3180043,1344616,2914466,3618615,647519,1519849,2646 
0.122,2877726,3197009,1354292,2920388,3697250,642464,1538738,-4282 
0.123,2883464,3266405,1388323,2940645,3826106,644817,1586070,-5552 
0.123,2894341,3295436,1396677,2943496,3752111,650384,1589019,-2106 
0.124,2892319,3241174,1370394,2928536,3630988,653344,1549942,6598 
0.129,2883366,3179639,1344699,2914518,3618623,647583,1520051,2715 
0.132,2877834,3197263,1354761,2920625,3699905,642605,1539380,-4295 
0.133,2883847,3266841,1388918,2940993,3826714,644899,1586723,-5741 
0.134,2894650,3295573,1396876,2943590,3747887,650584,1588938,-2054 
0.135,2892233,3240020,1370255,2928726,3629793,653516,1549873,6808 
0.135,2883277,3178414,1344537,2914456,3619636,647466,1519960,2432 
0.136,2878003,3197875,1355214,2920899,3701176,642667,1540039,-4490 
0.420,2884126,3267672,1389379,2941316,3825582,645163,1587218,-5595 
0.421,2894646,3294911,1396613,2943468,3745327,650738,1588546,-1752 
0.422,2891992,3237879,1369398,2928094,3629914,653311,1548834,6736 
0.423,2883506,3177304,1344520,2914556,3619719,647539,1519942,2437 
0.424,2878061,3198003,1355621,2921244,3701248,642658,1540691,-4476 
0.430,2883978,3267648,1389495,2941209,3824603,645014,1587478,-5612 
0.431,2894474,3293254,1396291,2943133,3743843,650654,1588035,-1574 
0.433,2891900,3236063,1368980,2927810,3629351,653224,1548281,6802 
0.434,2883141,3176494,1344171,2914186,3618634,647172,1519631,2124 
0.435,2877943,3198458,1356026,2921303,3701951,642653,1541227,-4387 
0.435,2884131,3268076,1389918,2941479,3825584,645157,1587983,-5526 
0.436,2894708,3292857,1396331,2943422,3742629,650751,1588143,-1709 
0.436,2892073,3235320,1368840,2927845,3627876,653293,1548074,6614 
0.437,2883530,3176834,1344538,2914556,3618099,647467,1520076,2217 
0.437,2878363,3198977,1356711,2921890,3704779,642891,1542234,-4346 
0.438,2884762,3268498,1390430,2941873,3826256,645341,1588583,-5584 
0.439,2895064,3292259,1396116,2943099,3739034,650876,1587677,-1632 
0.439,2892121,3233823,1368532,2927722,3625872,653396,1547756,6827 
0.440,2883265,3175511,1344290,2914578,3618259,647253,1520022,2109 
0.441,2878173,3198818,1356900,2921974,3706488,642601,1542664,-4611 
0.447,2884853,3268704,1390787,2942079,3825543,645381,1588994,-5549 
0.448,2894863,3291515,1395739,2942818,3735091,650843,1587076,-1446 
0.449,2891576,3231781,1367796,2927187,3625114,653146,1546878,6926 
0.450,2882854,3174245,1343916,2914041,3618798,646908,1519503,1833 
0.451,2878163,3199366,1357428,2922234,3708256,642649,1543386,-4520 
0.453,2884914,3269174,1391231,2942365,3825314,645338,1589538,-5616 
0.454,2894828,3290816,1395553,2942648,3732145,650888,1586623,-1288 
0.454,2891621,3230256,1367450,2927128,3625423,653190,1546433,7039 
0.454,2883057,3173954,1344093,2914271,3619022,646944,1519701,1721 
0.455,2878223,3200271,1358052,2922660,3709794,642656,1544203,-4695 
0.455,2885165,3269922,1391724,2942558,3824961,645563,1589976,-5534 
0.456,2895330,3289718,1395654,2942873,3731278,651300,1586515,-971 
0.456,2891958,3228596,1367180,2927033,3623706,653314,1545929,6962 
0.461,2883147,3172948,1344126,2914451,3618400,646916,1519933,1619 
0.465,2878216,3200138,1358390,2922831,3710374,642562,1544784,-4736 
0.466,2885182,3269654,1391886,2942583,3825153,645471,1590260,-5510 
0.467,2895165,3288488,1395245,2942488,3728443,651163,1585967,-967 
0.468,2891472,3226881,1366605,2926590,3622894,653096,1545239,6934 
0.468,2882733,3172243,1343753,2913949,3616851,646612,1519386,1429 
0.469,2877925,3200440,1358754,2922973,3712213,642443,1545333,-4689 
0.470,2885330,3270056,1392289,2943006,3826368,645544,1590749,-5452 
0.471,2895279,3287928,1395009,2942412,3725831,651201,1585531,-967 
0.471,2891472,3225756,1366362,2926530,3621150,653121,1544886,6953 
0.472,2882836,3171942,1344016,2914254,3617860,646790,1519731,1453 
0.473,2878285,3200639,1359420,2923559,3714933,642764,1546170,-4730 
0.479,2885833,3270140,1392783,2943140,3824979,645845,1590996,-5606 
0.481,2895492,3287486,1395109,2942366,3721615,651542,1585299,-779 
0.483,2891407,3224173,1366257,2926557,3620967,653303,1544797,7186 
0.484,2882763,3170856,1344046,2914102,3619427,646758,1519836,1344 
0.486,2878442,3201372,1360058,2923706,3716971,642791,1547073,-4828 
0.487,2885916,3270530,1393082,2942973,3823408,645789,1591286,-5638 
0.488,2895253,3286619,1394782,2941910,3719281,651429,1584793,-529 
0.488,2891214,3222407,1365595,2925932,3621314,653049,1543975,7181 
0.488,2882711,3170029,1343931,2913874,3619023,646441,1519690,1161 
0.489,2878366,3202229,1360601,2923948,3717506,642564,1547869,-4927 
0.489,2885952,3271328,1393495,2943094,3823297,645745,1591844,-5531 
0.490,2895534,3285464,1394616,2941830,3718269,651576,1584476,-296 
0.493,2891292,3220800,1365172,2925734,3620423,653026,1543373,7015 
0.499,2882793,3169821,1344061,2913985,3618195,646479,1519837,828 
0.501,2878573,3203203,1361413,2924421,3719306,642852,1548843,-4849 
0.503,2886584,3271924,1394279,2943694,3825443,646201,1592716,-5364 
0.504,2896058,3284528,1394679,2942092,3716581,651842,1584438,-379 
0.506,2891604,3219434,1364992,2925696,3618232,653281,1543001,6999 
0.506,2882658,3169533,1344197,2914001,3617558,646531,1520067,790 
0.518,2878618,3203638,1362141,2924879,3723353,643043,1549916,-4759 
0.519,2886956,3272521,1394721,2943956,3825786,646385,1593173,-5411 
0.521,2896177,3284023,1394439,2941714,3712822,651991,1583869,-226 
0.523,2891131,3218176,1364434,2925158,3616021,653011,1542344,6958 
0.531,2882284,3169203,1344077,2913815,3618504,646262,1520137,739 
0.532,2878714,3204354,1362757,2925393,3726808,642971,1551023,-4791 
0.533,2887254,3273015,1395074,2944097,3825227,646378,1593596,-5569 
0.534,2896271,3283766,1394236,2941479,3708049,652139,1583390,-36 
0.535,2891055,3216414,1364100,2925062,3616518,653152,1542023,7194 
0.536,2882536,3168406,1344293,2914129,3620932,646414,1520496,695 
0.536,2879030,3205174,1363429,2925679,3728992,643008,1551848,-5074 
0.537,2887684,3273951,1395796,2944370,3823231,646514,1594201,-5622 
0.538,2896353,3283106,1394311,2941739,3706209,652329,1583381,296 
0.539,2891057,3214784,1363850,2925046,3617894,653138,1541757,7162 
0.539,2882635,3168099,1344574,2914286,3621480,646340,1520858,386 
0.546,2879194,3206659,1364316,2926185,3730094,643060,1553041,-5121 
0.548,2887879,3274993,1396475,2944829,3823981,646696,1595073,-5376 
0.549,2896449,3281986,1394131,2941549,3706078,652354,1583036,391 
0.549,2891232,3213571,1363604,2924993,3617064,653134,1541476,7118 
0.550,2882551,3168051,1344664,2914496,3620704,646093,1521227,132 
0.550,2879233,3207822,1365011,2926666,3732232,643141,1554061,-5001 
0.550,2888320,3275694,1396840,2945154,3825501,646920,1595672,-5307 
0.551,2896871,3281108,1393803,2941452,3703423,652538,1582626,390 
0.552,2891237,3212478,1363157,2924783,3615354,653144,1540963,7003 
0.553,2882576,3168495,1344962,2914523,3621489,646191,1521641,178 
0.553,2879524,3209051,1366024,2927316,3737558,643284,1555530,-4939 
0.554,2888826,3276881,1397569,2945655,3826596,647003,1596523,-5494 
0.555,2897334,3280923,1393936,2941512,3700573,652783,1582484,497 
0.555,2891409,3211549,1363086,2924786,3614189,653285,1540815,7110 
0.556,2882675,3168187,1345186,2914715,3623819,646271,1522071,115 
0.556,2880106,3209869,1366991,2927931,3741172,643514,1556781,-5092 
0.561,2889838,3278011,1398484,2946091,3825921,647466,1597296,-5368 
0.565,2897562,3280644,1393819,2941380,3696744,652874,1582321,646 
0.566,2891246,3209733,1362699,2924568,3614626,653086,1540586,7113 
0.568,2882898,3168603,1345854,2915787,3625828,646151,1523494,-1 
0.569,2880446,3211858,1368133,2929598,3744635,643473,1559093,-5135 
0.569,2890244,3279186,1398948,2946475,3825178,647482,1597999,-5435 
0.570,2897808,3280420,1393817,2941578,3695987,653088,1582253,903 
0.571,2891501,3208613,1362439,2924659,3616084,653140,1540380,6990 
0.572,2883356,3168156,1345829,2915350,3626759,646232,1523168,-247 
0.573,2880928,3213577,1368813,2929195,3745136,643697,1559366,-5206 
0.577,2890718,3280927,1399974,2947174,3825780,647768,1599172,-5244 
0.581,2898346,3280023,1394117,2941861,3696493,653411,1582494,1106 
0.583,2891929,3207949,1362525,2924784,3615852,653319,1540438,6941 
0.583,2883619,3168602,1346394,2915628,3626698,646337,1523838,-377 
0.584,2881278,3214673,1369778,2929777,3747681,643929,1560584,-5014 
0.584,2891263,3281209,1400483,2947384,3828014,647973,1599709,-5157 
0.585,2898741,3279015,1394089,2941794,3695056,653446,1582388,1004 
0.585,2892158,3207539,1362959,2925689,3615176,653469,1541386,6953 
0.586,2883556,3169266,1347134,2916851,3627594,646303,1525473,-480 
0.586,2881499,3215491,1370610,2930285,3752391,643999,1561910,-5149 
0.587,2892155,3282601,1401287,2947888,3828466,648353,1600571,-5247 
0.587,2899321,3278979,1394269,2941983,3692088,653821,1582381,1169 
0.587,2892119,3206514,1362470,2924753,3613378,653373,1540344,6878 
0.588,2883638,3169274,1347177,2916159,3629094,646368,1525108,-386 
0.589,2881930,3217029,1371626,2931137,3755887,644100,1563313,-5177 
0.598,2892586,3283927,1401924,2948249,3828080,648388,1601238,-5317 
0.901,2899465,3279153,1394366,2941999,3689834,653901,1582404,1340 
0.902,2892333,3205229,1362442,2924897,3614591,653521,1540355,7081 
0.902,2884268,3168926,1347493,2916463,3631601,646508,1525603,-473 
0.903,2882667,3217981,1372380,2931386,3757552,644283,1564188,-5315 
0.904,2893298,3284844,1402638,2948539,3826576,648618,1601910,-5236 
0.904,2899763,3278130,1394326,2942236,3688954,654083,1582413,1676 
0.904,2892356,3203278,1361987,2924654,3615116,653295,1539936,6864 
0.905,2884227,3168648,1347723,2916497,3631531,646283,1525898,-806 
0.905,2882869,3219694,1373329,2931924,3758907,644363,1565371,-5273 
0.905,2893568,3285966,1403247,2948859,3827132,648754,1602586,-5121 
0.907,2900020,3277611,1394312,2942050,3688377,654213,1582160,1721 
0.908,2892488,3203046,1362025,2924716,3614834,653391,1540006,6746 
0.913,2884348,3169704,1348406,2917103,3632207,646448,1526971,-850 
0.914,2883041,3221329,1374282,2932505,3761945,644537,1566714,-5202 
0.915,2894231,3287006,1404046,2949411,3829368,649084,1603595,-5029 
0.916,2900536,3276966,1394416,2942192,3687689,654414,1582319,1688 
0.919,2892767,3202138,1361978,2924684,3613859,653447,1540074,6551 
0.919,2884624,3169666,1348765,2917154,3632567,646628,1527576,-968 
0.920,2883860,3222153,1375366,2933313,3765494,645079,1568221,-5097 
0.920,2894989,3288114,1404768,2950020,3828354,649478,1604591,-5101 
0.921,2900842,3276445,1394536,2942321,3685974,654779,1582524,1881 
0.921,2893081,3201246,1362088,2924874,3614290,653713,1540296,6671 
0.921,2884958,3170042,1349197,2917517,3634048,646698,1528268,-980 
0.922,2884218,3223412,1376068,2933729,3768137,645018,1569268,-5261 
0.924,2895468,3289053,1405151,2950079,3827661,649608,1604864,-5103 
0.928,2901286,3276190,1394578,2942507,3684349,655054,1582527,2099 
0.930,2893269,3200429,1362105,2925040,3614341,653808,1540391,6676 
0.931,2885165,3170609,1349890,2918139,3636330,646794,1529297,-1009 
0.932,2884463,3224738,1376984,2934279,3770521,645116,1570486,-5314 
0.933,2895984,3289758,1405777,2950381,3827165,649762,1605493,-5122 
0.933,2901381,3275061,1394361,2942298,3681018,655170,1582078,2294 
0.935,2893294,3198014,1361634,2924798,3615484,653806,1540008,6628 
0.936,2885598,3169641,1349979,2918083,3638007,646854,1529478,-1352 
0.937,2885234,3226096,1377973,2934922,3771946,645451,1571840,-5393 
0.937,2896633,3290690,1406612,2951098,3826869,650112,1606601,-4922 
0.938,2901706,3274179,1394326,2942448,3680686,655309,1582154,2384 
0.938,2893567,3197436,1361661,2924924,3614609,653926,1540148,6555 
0.938,2885703,3170132,1350468,2918341,3637209,646947,1530183,-1389 
0.939,2885286,3227171,1378629,2935242,3773964,645557,1572759,-5357 
0.939,2896985,3291243,1406935,2951114,3827458,650263,1606927,-4950 
0.944,2902063,3273528,1394414,2942529,3679495,655569,1582148,2505 
0.947,2893451,3196751,1361465,2924931,3613178,653796,1540034,6299 
0.948,2885634,3169989,1350598,2918533,3637434,646963,1530553,-1368 
0.949,2885778,3227737,1379422,2935935,3777381,645854,1573902,-5177 
0.950,2897538,3291328,1407250,2951308,3826359,650471,1607233,-5005 
0.951,2902159,3271921,1394068,2942336,3676086,655674,1581721,2559 
0.952,2893499,3195251,1361311,2924738,3612047,653949,1539843,6479 
0.953,2885613,3169466,1350799,2918664,3639516,646971,1531101,-1393 
0.953,2886151,3228276,1380165,2936484,3780418,645981,1575116,-5276 
0.954,2897858,3291644,1407421,2951297,3824743,650579,1607436,-5139 
0.954,2902059,3271053,1393665,2942006,3672583,655713,1581271,2603 
0.954,2893364,3193479,1360901,2924559,3612423,653930,1539598,6541 
0.955,2885953,3169588,1351204,2918972,3642057,647086,1531842,-1486 
0.956,2886606,3229164,1380766,2936678,3781248,646059,1575904,-5414 
0.958,2898294,3291963,1407789,2951453,3821689,650718,1607809,-5026 
0.963,2902141,3269403,1393349,2942061,3670978,655818,1581071,2929 
0.964,2893318,3191009,1360226,2924188,3611933,653697,1538991,6305 
0.965,2885825,3169029,1351241,2918891,3640609,646839,1532018,-1712 
0.966,2886446,3229999,1381283,2936853,3780664,645936,1576691,-5372 
0.968,2898154,3291466,1407847,2951385,3820271,650659,1607891,-4802 
0.968,2901878,3267337,1392673,2941490,3668804,655718,1580144,3097 
0.969,2892971,3189272,1359717,2923879,3610671,653521,1538480,6191 
0.970,2885363,3168221,1351126,2918750,3639199,646611,1532056,-1931 
0.971,2886122,3230088,1381679,2937289,3782544,645989,1577606,-5255 
0.971,2898175,3290591,1407761,2951417,3819636,650820,1607918,-4751 
0.972,2901800,3265141,1392109,2941211,3665501,655821,1579444,3066 
0.973,2892664,3187778,1359312,2923598,3608029,653455,1538093,5991 
0.981,2885059,3167530,1351368,2918911,3639893,646693,1532618,-1881 
0.982,2886150,3229568,1382061,2937389,3784962,646065,1578108,-5347 
0.983,2898571,3289927,1407931,2951569,3817351,651063,1607924,-4680 
0.984,2901831,3263256,1391879,2941230,3662097,655884,1579016,3201 
0.985,2892388,3185786,1358977,2923395,3606042,653355,1537550,6075 
0.986,2884845,3166608,1351404,2918951,3641314,646498,1532656,-1924 
0.987,2886464,3229501,1382583,2937853,3786938,646114,1578699,-5357 
0.987,2898647,3289863,1407863,2951507,3813651,650963,1607649,-4899 
0.988,2901433,3261998,1391243,2940783,3657682,655868,1578160,3414 
0.989,2891879,3183834,1358334,2923074,3605856,653104,1536896,6020 
0.997,2884631,3166460,1351556,2919279,3641628,646367,1533123,-2029 
0.998,2886338,3230078,1383088,2938103,3787497,646088,1579461,-5357 
0.999,2898482,3289545,1407889,2951276,3809561,651024,1607450,-4738 
1.000,2901044,3259477,1390468,2940195,3655593,655871,1577119,3654 
1.000,2891976,3181343,1357864,2922820,3606133,653121,1536312,5958 
1.000,2884777,3165901,1351788,2919105,3642194,646309,1533267,-2276 
1.003,2886374,3230804,1383736,2938264,3787384,646101,1580206,-5447 
1.003,2898550,3288658,1408002,2951416,3808019,651113,1607557,-4604 
1.004,2901045,3257286,1389936,2939904,3653709,655905,1576356,3753 
1.004,2891738,3179827,1357481,2922514,3604456,653000,1535881,5749 
1.005,2884483,3165917,1352126,2919215,3641512,646319,1533861,-2288 
1.005,2886209,3231446,1384253,2938493,3789478,646093,1581098,-5420 
1.005,2898801,3288278,1407958,2951189,3806482,651248,1607402,-4538 
1.006,2901206,3255818,1389599,2939746,3650716,656081,1575822,3965 
1.013,2891471,3178778,1357069,2922419,3602268,652830,1535585,5652 
1.014,2884068,3165445,1352034,2919169,3642443,646100,1534107,-2349 
1.015,2886358,3231536,1384637,2938812,3792333,646212,1581756,-5274 
1.016,2898843,3287881,1407852,2951035,3804874,651143,1607193,-4652 
1.018,2900939,3254212,1389051,2939259,3647359,655879,1575103,3868 
1.018,2891196,3177223,1356666,2921906,3600914,652709,1534994,5749 
1.018,2884041,3164978,1352237,2919287,3644760,646047,1534482,-2304 
1.019,2886564,3231757,1385178,2939108,3793988,646129,1582468,-5371 
1.019,2899221,3288078,1408140,2951293,3802326,651244,1607473,-4577 
1.019,2900724,3253011,1388663,2939051,3644624,655852,1574663,4016 
1.020,2890956,3175767,1356356,2921776,3601531,652589,1534735,5609 
1.020,2883927,3165223,1352484,2919378,3645115,645935,1534864,-2604 
1.020,2886804,3232878,1385928,2939567,3795481,646235,1583398,-5526 
1.021,2899319,3288311,1408249,2951185,3798268,651353,1607261,-4552 
1.021,2900740,3251319,1388360,2938973,3643853,656048,1574132,4378 
1.022,2891103,3174394,1356331,2921902,3601402,652469,1534726,5493 
1.022,2884184,3165415,1353170,2919839,3647321,645893,1535722,-2576 
1.025,2887094,3233987,1386824,2939996,3796579,646196,1584388,-5524 
1.030,2899629,3287974,1408586,2951310,3798334,651351,1607429,-4365 
1.031,2901011,3250069,1388152,2938904,3642498,656014,1573609,4472 
1.032,2891258,3173154,1356143,2921809,3601503,652414,1534282,5424 
1.034,2884169,3165816,1353515,2919995,3646961,645726,1536078,-2859 
1.035,2887228,3235147,1387508,2940643,3798055,646343,1585376,-5321 
1.036,2899903,3288244,1408801,2951556,3797667,651455,1607614,-4286 
1.036,2900852,3248854,1387809,2938749,3641201,655894,1573142,4428 
1.037,2891044,3172653,1355976,2921602,3599816,652171,1534111,5214 
1.038,2884058,3166103,1354075,2920330,3648616,645764,1536889,-2677 
1.038,2887318,3235759,1388166,2940810,3801154,646301,1586118,-5427 
1.039,2900239,3288203,1409079,2951589,3795754,651626,1607683,-4264 
1.385,2900943,3247632,1387678,2938767,3638384,655946,1572845,4406 
1.386,2890894,3171704,1355863,2921629,3599234,652164,1533934,5227 
1.387,2884265,3166146,1354510,2920771,3651821,645831,1537578,-2671 
1.388,2887969,3236833,1388984,2941478,3803727,646459,1587208,-5474 
1.390,2900688,3288998,1409344,2951837,3793386,651653,1607984,-4329 
1.391,2900998,3246782,1387401,2938636,3636183,656008,1572556,4718 
1.396,2890914,3170673,1355714,2921693,3600941,652042,1534036,5224 
1.397,2884373,3167156,1355098,2921352,3653985,645723,1538609,-2768 
1.398,2888218,3238022,1389648,2941871,3805931,646461,1588115,-5513 
1.399,2900984,3289646,1409579,2951843,3791440,651746,1608006,-4232 
1.400,2901212,3245988,1387234,2938553,3636828,656147,1572253,4969 
1.401,2891232,3169943,1355617,2921546,3601058,651931,1533775,4999 
1.404,2884544,3167453,1355343,2921219,3655669,645499,1538878,-3094 
1.405,2888733,3239570,1390518,2942282,3807367,646384,1589182,-5632 
1.406,2901681,3289803,1410139,2952393,3790894,651949,1608590,-3986 
1.411,2901633,3244757,1387083,2938601,3635693,656227,1571940,5060 
1.413,2891462,3169143,1355711,2921711,3601681,651919,1533913,4858 
1.415,2884741,3168519,1356266,2921767,3656774,645617,1540013,-3102 
1.416,2889087,3241076,1391579,2942990,3810536,646703,1590518,-5416 
1.417,2902206,3289962,1410355,2952306,3789313,652138,1608544,-4014 
1.417,2901896,3243447,1386844,2938463,3634479,656349,1571523,5019 
1.418,2891555,3168228,1355519,2921469,3599511,651853,1533605,4598 
1.419,2885053,3168844,1357118,2922393,3659142,645811,1541210,-2899 
1.419,2889591,3241686,1392410,2943333,3812837,646871,1591452,-5440 
1.420,2902531,3289243,1410344,2952184,3786694,652311,1608299,-4025 
1.421,2901783,3241181,1386263,2937941,3630044,656363,1570624,5064 
1.421,2891196,3166499,1355196,2921206,3598757,651796,1533391,4679 
1.422,2884766,3168208,1357121,2922252,3660831,645664,1541520,-3111 
1.429,2889627,3242046,1392854,2943675,3813306,646919,1592208,-5497 
1.430,2902539,3289293,1410344,2952284,3782644,652348,1608316,-3967 
1.430,2901451,3239818,1385838,2937843,3627543,656423,1570172,5358 
1.431,2890838,3165072,1354853,2921081,3599129,651644,1533083,4601 
1.431,2884556,3168275,1357433,2922498,3662542,645575,1542081,-3193 
1.432,2889613,3242079,1393263,2943880,3814421,646855,1592784,-5636 
1.432,2902631,3288886,1410423,2952139,3778910,652468,1608088,-3805 
1.432,2901493,3238140,1385609,2937758,3626581,656526,1569784,5649 
1.433,2890752,3163355,1354636,2921153,3598371,651516,1532989,4484 
1.433,2884462,3167373,1357504,2922606,3663357,645617,1542393,-3271 
1.433,2889454,3241523,1393353,2944004,3813718,646946,1593176,-5591 
1.434,2902460,3287517,1410141,2951952,3777361,652491,1607803,-3715 
1.434,2901034,3235626,1384793,2937244,3624901,656375,1568984,5578 
1.434,2889307,3156540,1352888,2920306,3597921,651269,1531686,4594 
1.435,2878571,3146788,1351814,2920277,3661789,644196,1538599,-2937 
1.435,2875307,3194718,1379458,2938171,3809642,643404,1583357,-5157 
1.435,2887148,3244872,1395468,2944308,3758292,647879,1595696,-4789 
1.436,2895381,3227928,1380763,2934092,3606978,654507,1564456,4894 
1.436,2884788,3147691,1349536,2917969,3586078,649946,1528358,4751 
1.437,2870860,3126515,1345429,2916874,3653902,642148,1533513,-2378 
1.437,2864529,3165254,1369684,2932762,3798696,640154,1575204,-5099 
1.437,2879803,3231967,1389570,2939794,3738196,644951,1589421,-5625 
1.438,2894434,3234333,1381510,2932960,3592134,653587,1563432,4854 
1.438,2884008,3149741,1349936,2917149,3580007,649234,1527589,5176 
1.438,2868452,3121785,1344251,2915600,3651659,640903,1531988,-2281 
1.445,2861293,3156928,1367556,2931191,3794000,638864,1572783,-5040 
1.448,2877138,3226260,1387610,2938027,3728524,643588,1586518,-5932 
1.448,2893604,3233493,1381241,2931987,3584157,652833,1561796,4825 
1.449,2883233,3147251,1349743,2916756,3577083,648637,1526595,5278 
1.450,2866791,3116977,1343410,2915163,3649894,640171,1530936,-2253 
1.450,2857843,3146408,1364809,2930014,3789836,637651,1570314,-5151 
1.451,2873171,3215781,1384176,2936096,3717947,642478,1582662,-5792 
1.452,2890483,3226142,1378464,2930214,3575580,651970,1558189,5013 
1.453,2879947,3139548,1346866,2914838,3569202,647539,1523051,5311 
1.453,2861230,3102639,1338569,2912407,3644425,638387,1526326,-2043 
1.454,2848903,3121274,1356329,2925321,3779971,634887,1562696,-4797 
1.454,2862771,3188263,1374290,2930334,3702789,638916,1573254,-5873 
1.454,2882479,3209009,1371591,2925724,3561960,648774,1550993,4689 
1.455,2873245,3125162,1341381,2911046,3558079,644659,1517196,4953 
1.455,2854098,3086347,1333170,2908854,3633259,635691,1520896,-2009 
1.462,2839818,3097010,1348793,2921029,3770112,631911,1555722,-4520 
1.463,2853536,3164316,1366278,2925452,3687648,635556,1565302,-6244 
1.463,2876024,3194606,1366570,2922063,3546338,646232,1545104,4132 
1.463,2868940,3116913,1339006,2909178,3544621,643169,1513966,4908 
1.464,2849470,3075248,1330936,2908309,3627391,634459,1519031,-1520 
1.464,2833626,3079912,1344286,2919574,3761946,629980,1551870,-4629 
1.465,2847406,3148328,1360998,2922480,3671524,633625,1559313,-6604 
1.465,2871929,3187406,1363751,2919989,3530694,644924,1540787,4112 
1.465,2865376,3111239,1336791,2907417,3535120,641990,1510409,5211 
1.466,2844877,3065530,1327337,2905207,3620607,632773,1514138,-1418 
1.466,2828201,3066800,1339559,2915734,3753604,628004,1545812,-4515 
1.466,2842861,3140723,1357515,2919709,3656157,631603,1554268,-6594 
1.467,2867948,3180928,1360809,2917352,3519421,642978,1536100,4479 
1.467,2860828,3102825,1333386,2904574,3527011,639465,1505574,5060 
1.467,2840087,3057899,1324406,2902659,3614004,630051,1510052,-1657 
1.468,2823819,3060973,1337213,2913276,3743822,625345,1542029,-4765 
1.468,2839332,3136349,1355555,2917385,3644881,629464,1550423,-6397 
1.468,2864371,3173458,1358282,2915268,3512391,640920,1532141,4568 
1.469,2857564,3096112,1331443,2903202,3520494,637579,1502516,4795 
1.469,2837434,3054451,1323606,2901946,3608266,628655,1508212,-2006 
1.469,2822452,3061708,1338109,2914022,3738147,624823,1541886,-4743 
1.470,2838456,3136086,1356243,2918646,3639724,629221,1550088,-6367 
1.470,2863464,3169975,1357801,2915446,3508394,640880,1530175,4714 
1.470,2856323,3091933,1330636,2902923,3516043,637299,1500232,4572 
1.471,2836554,3054326,1324079,2902253,3603116,628483,1507274,-1983 
1.471,2821507,3060880,1338106,2913599,3733827,624507,1540248,-4486 
1.471,2837614,3133244,1355350,2917234,3631882,628684,1546880,-6116 
1.479,2862253,3166094,1356539,2914411,3500572,639898,1527079,4766 
1.480,2854740,3089760,1329708,2901869,3508317,635968,1497681,4533 
1.481,2834397,3051440,1323218,2901349,3601264,627031,1505306,-1791 
1.481,2819634,3059748,1337397,2912596,3731291,622858,1538140,-4704 
1.482,2837059,3134448,1355107,2916339,3624529,627646,1544531,-6097 
1.483,2861116,3164680,1355704,2913536,3494201,638888,1524451,4983 
1.484,2852601,3086475,1328461,2901148,3505520,634711,1495300,4475 
1.485,2832566,3049301,1322663,2901114,3601038,626073,1503857,-1953 
1.485,2819369,3062109,1338223,2913017,3727684,622561,1537517,-5028 
1.486,2838262,3140729,1356986,2917218,3616758,627999,1544298,-6114 
1.486,2861737,3165679,1356498,2914359,3492555,639360,1523729,5381 
1.486,2852479,3084673,1328449,2901834,3505803,634854,1494298,4459 
1.487,2832485,3049123,1323610,2903189,3602899,626218,1504650,-2126 
1.487,2820316,3064451,1339681,2914426,3725728,623011,1537817,-5139 
1.487,2839726,3142911,1358178,2918141,3611907,628682,1543831,-5814 
1.488,2861433,3160106,1355507,2914295,3491417,639428,1521810,5709 
1.495,2851243,3077946,1326831,2900874,3502898,634289,1491718,4172 
1.497,2831803,3047516,1323074,2901696,3597631,625740,1502407,-2299 
1.498,2820544,3066441,1340310,2914104,3721318,622705,1536917,-5032 
1.498,2839743,3142703,1358058,2917733,3607146,628311,1542186,-5496 
1.499,2859906,3156221,1353989,2913410,3486471,638496,1519156,5789 
1.499,2849173,3074435,1325251,2899741,3497914,633124,1488973,4001 
1.500,2830323,3047751,1322644,2901147,3593346,624862,1500788,-2424 
1.500,2820239,3070219,1340959,2914133,3717068,622315,1536098,-5106 
1.500,2839469,3143728,1358222,2917883,3604094,628274,1540974,-5241 
1.865,2858089,3150321,1352143,2912681,3485506,638113,1516454,5807 
1.867,2847331,3069244,1323706,2899259,3494611,632700,1486727,3696 
1.868,2829069,3044030,1322013,2901264,3591886,624838,1499515,-2407 
1.869,2819438,3067008,1340471,2914338,3714222,622411,1534840,-5083 
1.869,2838439,3139156,1357031,2917389,3597381,628174,1538698,-5230 
1.870,2856315,3144690,1350472,2911788,3479028,637609,1513838,5779 
1.871,2845545,3064911,1322403,2898447,3489824,632153,1484540,3888 
1.873,2826834,3038074,1320313,2900210,3590358,623903,1497218,-2370 
1.875,2817301,3062329,1338573,2912739,3707864,621154,1531911,-5285 
1.876,2836108,3134736,1354812,2915691,3588478,626868,1535444,-5181 
1.877,2853655,3138958,1348091,2910424,3473232,636323,1510713,6104 
1.877,2842639,3058954,1319761,2896876,3485808,630608,1481311,3750 
1.878,2823951,3031646,1317979,2899092,3588734,622700,1494612,-2317 
1.879,2814174,3054356,1335671,2911215,3701642,619961,1528321,-5476 
1.880,2832968,3127564,1351833,2913984,3578105,625889,1531291,-5153 
1.880,2850388,3130481,1345010,2908564,3467544,635374,1506609,6094 
1.881,2839661,3051199,1317374,2895532,3481512,629669,1478114,3450 
1.881,2821455,3026799,1316668,2898391,3582958,621908,1492560,-2544 
1.882,2812031,3049453,1334442,2910491,3695323,619395,1526101,-5263 
1.882,2830769,3121258,1350233,2913539,3571591,625381,1528756,-4766 
1.883,2847452,3121866,1342655,2908401,3463154,634436,1504003,6176 
1.883,2836578,3043947,1314804,2894139,3474623,628469,1474738,3216 
1.884,2818446,3021829,1314655,2897048,3578536,620734,1489849,-2547 
1.884,2809706,3044531,1332673,2909369,3691045,618434,1523441,-5177 
1.885,2828481,3115164,1347666,2911549,3562838,624288,1524719,-4766 
1.885,2844093,3114147,1338996,2905158,3453961,632973,1498798,6121 
1.886,2833194,3037993,1312344,2892346,3467714,626984,1471377,3174 
1.886,2815495,3017154,1313084,2895795,3576141,619530,1487362,-2506 
1.887,2807832,3043609,1331546,2908149,3684775,617323,1521046,-5531 
1.887,2827045,3113324,1346603,2910418,3553958,623604,1521967,-4594 
1.889,2841729,3107512,1337140,2903854,3447231,632216,1495287,6393 
1.889,2830544,3031203,1310378,2891186,3463315,626025,1468299,3121 
1.890,2813481,3012643,1311963,2895136,3573660,618719,1485375,-2736 
1.891,2807073,3042174,1331504,2908156,3680827,617122,1519549,-5563 
1.892,2826394,3112226,1346118,2910051,3545609,623491,1519792,-4479 
1.893,2839689,3101316,1335119,2902911,3442522,631608,1492384,6588 
1.894,2827913,3024081,1308093,2889899,3459153,625060,1465073,2915 
1.894,2811587,3008324,1310865,2894434,3569971,618026,1483183,-2791 
1.895,2806423,3042988,1331492,2907556,3672546,616513,1517804,-5797 
1.896,2825655,3111982,1345654,2909299,3538913,623074,1517668,-4065 
1.897,2837438,3094944,1332798,2901511,3440256,630590,1489079,6756 
1.897,2825673,3019049,1305992,2888513,3455428,623813,1462051,2653 
1.898,2809929,3007683,1309913,2893578,3564991,616903,1481311,-3096 
1.898,2805679,3044061,1331362,2907075,3666842,615899,1516269,-5594 
1.899,2824857,3109791,1344911,2909004,3534543,622628,1515621,-3604 
1.899,2835756,3090276,1331530,2901886,3437497,629815,1487401,6812 
1.899,2823898,3016582,1305249,2889035,3451804,622791,1461004,2241 
1.900,2808879,3007521,1309985,2893569,3563033,616374,1480384,-3101 
1.900,2805553,3044923,1331748,2907099,3664577,615564,1515298,-5712 
1.900,2824885,3109762,1344867,2908611,3527779,622312,1513808,-3711 
1.901,2834611,3085844,1329916,2899885,3430973,629203,1483745,6845 
1.901,2822544,3012331,1303854,2887134,3447539,622322,1457707,2415 
1.901,2808079,3006354,1309896,2893322,3562665,616004,1479084,-3061 
1.902,2805968,3048119,1332594,2907357,3661141,615474,1514594,-5822 
1.902,2825296,3112130,1345236,2908503,3522566,622416,1512405,-3501 
1.903,2833819,3084000,1329021,2899329,3429043,628920,1481596,6971 
1.903,2821676,3011150,1303040,2886597,3445068,621773,1455795,2288 
1.903,2807361,3006381,1309699,2893076,3561023,615439,1477854,-3161 
1.904,2805784,3049847,1332679,2906980,3656898,615064,1513166,-5844 
1.904,2824968,3112094,1344813,2908003,3518149,622079,1510469,-3221 
1.906,2832778,3080454,1327709,2898661,3427226,628365,1479131,7145 
1.907,2820435,3008371,1301856,2885806,3443458,621080,1453559,2035 
1.908,2806567,3005791,1309363,2892747,3560038,615046,1476639,-3361 
1.908,2805761,3050561,1332921,2906923,3653628,615012,1512213,-5966 
1.909,2825418,3112312,1344972,2908127,3513446,622294,1509307,-2997 
1.909,2832633,3077881,1327144,2898374,3424344,628293,1477398,7184 
1.909,2819989,3005787,1301579,2885896,3442986,620971,1452454,2062 
1.910,2806324,3005535,1309801,2893238,3559871,614912,1476373,-3524 
1.910,2806153,3053041,1333789,2907290,3649944,615093,1511794,-5987 
1.911,2825723,3114149,1345375,2908211,3509404,622415,1508215,-2776 
1.911,2832433,3076476,1326673,2898271,3424368,628234,1475889,7349 
1.911,2819601,3005912,1301248,2885614,3440153,620507,1451051,1634 
1.912,2806132,3007626,1310213,2893328,3559170,614686,1475811,-3486 
1.912,2806351,3054273,1334193,2907588,3650673,615002,1511224,-5762 
1.912,2826171,3113431,1345151,2908298,3508329,622408,1506827,-2570 
1.913,2832260,3074939,1325825,2897597,3421743,627791,1473812,7146 
1.914,2819262,3005368,1300967,2885148,3438801,620138,1449793,1594 
1.914,2805794,3007958,1310458,2893198,3560594,614416,1475346,-3444 
1.915,2806588,3056651,1334724,2907444,3648704,614746,1510654,-5956 
1.916,2826828,3116144,1345738,2908113,3502873,622327,1505834,-2622 
1.916,2832649,3076243,1326285,2897782,3418920,627771,1473098,7278 
1.917,2819386,3006477,1301676,2885858,3440615,620078,1449894,1662 
1.918,2806409,3010227,1311644,2894128,3564454,614556,1475897,-3541 
1.918,2808263,3062918,1336648,2908473,3646066,615213,1511307,-6215 
1.919,2828976,3123423,1347848,2909136,3498643,623125,1506520,-2477 
1.920,2834391,3079748,1327727,2898808,3420957,628633,1473526,7637 
1.920,2820824,3009265,1302789,2886551,3442484,620669,1450114,1564 
1.922,2807444,3012709,1312844,2894978,3566469,615068,1476594,-3606 
1.923,2809104,3064539,1337423,2908924,3644815,615743,1511278,-6137 
1.924,2829883,3124492,1348214,2909554,3496969,623751,1505878,-2036 
1.925,2834926,3079129,1327337,2898615,3422264,628662,1472249,7537 
1.926,2821160,3009579,1302676,2886434,3443607,620521,1449306,1343 
1.926,2807618,3014562,1313238,2895120,3567784,614883,1476514,-3679 
1.927,2809154,3065703,1337476,2908888,3645046,615472,1510679,-6088 
1.928,2829928,3123786,1347531,2908994,3496011,623502,1504167,-1905 
1.929,2834705,3078479,1326733,2898202,3421113,628241,1470804,7318 
1.929,2821166,3012109,1303336,2886861,3443531,620364,1449398,1191 
1.930,2807973,3018911,1314630,2895823,3571213,615003,1477333,-3610 
1.931,2810553,3071095,1339236,2909825,3647454,615993,1511455,-6059 
1.931,2831391,3127797,1348809,2909788,3495271,624117,1504372,-2009 
1.932,2835508,3079828,1327271,2898795,3420903,628814,1470682,7378 
1.932,2822354,3015511,1304599,2887575,3445427,620882,1449985,1034 
1.933,2812510,3034228,1319725,2898396,3576323,616353,1481054,-4032 
1.933,2820889,3103754,1349724,2914908,3651991,618949,1519143,-6317 
1.934,2842203,3154994,1358393,2914899,3503598,627696,1511424,-1164 
1.934,2843068,3095608,1333068,2902116,3431073,631151,1474817,7591 
1.935,2831963,3042192,1313298,2891869,3455421,623488,1456373,680 
1.935,2827395,3079572,1334301,2905264,3591776,620289,1492253,-4354 
1.935,2841670,3164671,1369222,2924097,3669969,624528,1534025,-6327 
1.936,2856104,3181396,1369117,2921873,3527156,632521,1520907,815 
1.936,2844891,3086901,1331806,2903386,3450001,631913,1475138,7897 
1.936,2833658,3041294,1313198,2892938,3469103,623859,1457168,-63 
1.937,2832564,3092050,1338469,2908344,3604231,621893,1496471,-4940 
1.937,2845033,3166901,1371057,2926694,3680844,626532,1536850,-5582 
1.937,2852192,3160537,1363185,2920653,3533434,632392,1517492,1066 
1.939,2843006,3077568,1328666,2902561,3451819,631927,1473180,7094 
1.940,2834211,3040654,1313366,2893898,3471441,624886,1458334,-411 
1.941,2833793,3093725,1339728,2909927,3608929,623229,1498897,-4932 
1.941,2846693,3167833,1372101,2927943,3685923,627938,1538623,-5523 
1.942,2854256,3161096,1363984,2921701,3535699,633857,1518627,1101 
2.347,2843968,3073666,1328269,2903156,3454646,633108,1473536,7288 
2.347,2830931,3022564,1308745,2892676,3473983,624930,1455761,71 
2.348,2820394,3041018,1324469,2904106,3609547,620730,1488527,-3846 
2.348,2823283,3091142,1347138,2916506,3668376,621768,1519456,-5954 
2.348,2841000,3138987,1352704,2913913,3503952,629066,1507734,-1252 
2.349,2841561,3079808,1328344,2901584,3439028,632281,1472564,7453 
2.349,2825960,3012504,1305054,2889864,3466729,623429,1452557,717 
2.350,2812436,3021328,1317491,2899848,3602706,618305,1482879,-3570 
2.350,2816958,3080259,1342012,2912407,3655251,619295,1514219,-6612 
2.351,2838736,3141768,1352173,2911869,3491724,627887,1505758,-1444 
2.351,2840438,3083725,1328562,2900266,3432516,631615,1471546,7720 
2.351,2824857,3013049,1304949,2889052,3465416,622877,1451994,995 
2.351,2810863,3016149,1316399,2898939,3602496,617572,1481555,-3467 
2.352,2815029,3072333,1339602,2910631,3650621,618355,1511333,-6716 
2.352,2837982,3140408,1351326,2910867,3485673,627403,1504258,-1524 
2.352,2840499,3084778,1328856,2900114,3430566,631523,1471308,7674 
2.353,2825039,3013205,1305404,2889164,3465139,622860,1451922,990 
2.353,2810374,3011888,1315774,2898612,3605553,617473,1480742,-3304 
2.353,2814307,3068229,1338459,2909973,3647817,618104,1509676,-6802 
2.354,2837816,3140986,1351166,2910549,3481179,627168,1503135,-1630 
2.355,2841103,3088798,1329758,2900047,3428601,631339,1470993,7551 
2.356,2825619,3018005,1306557,2889264,3465433,622680,1452232,1013 
2.357,2810468,3013927,1316306,2898666,3606941,617264,1480939,-3112 
2.357,2813982,3066611,1337653,2909364,3646823,617758,1508348,-6724 
2.357,2837971,3141364,1350520,2909644,3476449,626905,1501269,-1768 
2.358,2841566,3089320,1329750,2899757,3426863,631271,1470166,7478 
2.358,2826211,3019019,1307519,2890337,3466166,622835,1453148,1038 
2.358,2810766,3013776,1317119,2899931,3610095,617483,1482008,-2975 
2.359,2814363,3067031,1337918,2909251,3643469,617829,1507793,-6929 
2.359,2838924,3144901,1351526,2909819,3471426,627209,1501178,-1756 
2.359,2842799,3093579,1331201,2900288,3424568,631601,1470693,7441 
2.360,2827231,3021975,1308788,2890293,3467049,623092,1453436,1008 
2.360,2811603,3015499,1318114,2899764,3611758,617741,1482156,-2979 
2.360,2815133,3068948,1338758,2909666,3640665,618072,1507962,-6972 
2.361,2839916,3147970,1352583,2910461,3468750,627609,1501461,-1564 
2.361,2843661,3096219,1331997,2900774,3426594,631967,1470971,7566 
2.361,2827911,3024118,1309448,2890689,3469904,623312,1453876,931 
2.362,2811918,3016366,1318443,2900068,3615157,617894,1482521,-2956 
2.362,2815449,3069704,1338643,2909532,3639309,618067,1507494,-7036 
2.362,2840370,3147916,1352354,2910115,3466958,627711,1500505,-1289 
2.363,2844146,3095919,1331945,2900541,3426301,631899,1470278,7566 
2.363,2828269,3025454,1310048,2890927,3470746,623191,1454173,895 
2.364,2811941,3016561,1318871,2900152,3617558,617707,1482738,-2913 
2.364,2815466,3069808,1338761,2909353,3639603,617868,1507186,-7071 
2.364,2840770,3149075,1352620,2910032,3465705,627716,1500127,-1324 
2.364,2844621,3097452,1332383,2900698,3425969,631853,1470179,7431 
2.365,2828865,3028484,1310971,2891199,3471191,623096,1454621,614 
2.366,2812931,3021421,1320609,2901013,3617678,617914,1484081,-2969 
2.366,2816902,3075631,1340735,2910523,3637238,618355,1508542,-6871 
2.366,2842393,3154759,1354353,2910888,3463456,628211,1501017,-1103 
2.367,2846168,3101831,1333907,2901404,3426283,632243,1470985,7421 
2.367,2830453,3033518,1312819,2892087,3472261,623488,1455893,504 
2.367,2814686,3026428,1322707,2902511,3620264,618518,1486014,-2767 
2.368,2818499,3078831,1342217,2912118,3639171,618710,1510020,-6877 
2.368,2843854,3156176,1354929,2911457,3464314,628552,1501051,-1122 
2.368,2847558,3102934,1334589,2902506,3428773,632659,1471619,7495 
2.369,2831319,3033102,1313059,2892534,3477194,623830,1456096,683 
2.369,2815116,3025138,1322441,2902253,3625217,618577,1485556,-2978 
2.369,2819451,3079903,1342112,2911026,3636949,618974,1508698,-7049 
2.370,2844809,3158319,1355556,2911593,3462771,628932,1501001,-888 
2.370,2847806,3102543,1334416,2901788,3430107,632597,1470774,7401 
2.370,2831831,3034513,1313841,2892899,3478498,623951,1456612,546 
2.371,2815691,3027471,1323531,2902849,3627118,618837,1486479,-3071 
2.372,2820566,3084527,1343489,2911549,3634665,619394,1509436,-7198 
2.372,2846307,3162431,1356964,2912261,3462316,629775,1501657,-479 
2.373,2848885,3104411,1335264,2902398,3432613,633193,1471297,7471 
2.374,2832819,3036099,1314885,2893903,3482619,624486,1457848,526 
2.374,2816983,3028967,1324631,2903761,3629756,619393,1487528,-3150 
2.375,2822289,3086853,1344589,2912260,3632994,620008,1509939,-7280 
2.375,2847971,3163784,1357799,2912801,3460676,630473,1501906,-366 
2.375,2850106,3105161,1335792,2902772,3431823,633649,1471451,7437 
2.376,2833885,3038840,1315764,2894155,3482128,624864,1458334,466 
2.376,2817936,3032526,1325738,2904179,3630545,619689,1488415,-3072 
2.376,2823308,3091028,1345416,2912471,3630731,620181,1510225,-7224 
2.377,2848613,3166779,1357931,2912523,3458724,630411,1501441,-339 
2.377,2850488,3106856,1335820,2902503,3431601,633443,1471072,7345 
2.377,2834141,3040684,1316104,2894133,3483888,624649,1458536,424 
2.378,2818197,3032816,1325984,2904333,3634637,619686,1488728,-2947 
2.378,2824131,3091475,1345844,2912892,3631849,620502,1510426,-7056 
2.378,2849449,3166287,1358475,2914165,3461966,630977,1502354,76 
2.378,2850620,3103314,1335059,2902797,3435707,633544,1470543,7144 
2.379,2834267,3038199,1315860,2894549,3488251,624888,1458588,159 
2.379,2818676,3033036,1326574,2905101,3637322,620154,1489556,-3130 
2.379,2825056,3093359,1346390,2913004,3628454,620999,1510396,-7302 
2.380,2850503,3167863,1358648,2913158,3457115,631541,1501189,31 
2.380,2851544,3105082,1335879,2902986,3435432,634134,1470845,7346 
2.380,2834772,3039483,1316884,2895181,3492524,625283,1459738,366 
2.381,2818996,3034325,1327330,2905612,3640896,620264,1490518,-3334 
2.381,2826143,3096939,1347314,2913277,3625148,621381,1510790,-7284 
2.381,2851387,3169564,1359068,2913305,3455836,631974,1501168,455 
2.382,2851649,3104999,1335473,2902578,3435904,633928,1470278,7144 
2.382,2834854,3041159,1317122,2895056,3493578,625003,1460046,96 
2.382,2819379,3036214,1327885,2905603,3642806,620280,1491052,-3222 
2.383,2826642,3098975,1347568,2913126,3624449,621436,1510768,-7214 
2.383,2851874,3169783,1358998,2913324,3456588,632146,1500943,649 
2.383,2851817,3102808,1335004,2902467,3438945,633996,1469768,7120 
2.384,2835016,3039956,1317068,2895237,3496158,625105,1460133,-104 
2.384,2819590,3035186,1328229,2906171,3646189,620608,1491739,-3227 
2.384,2827011,3097816,1347745,2913533,3624909,621768,1510927,-7289 
2.385,2852511,3170228,1359228,2913481,3454574,632545,1500835,612 
2.385,2852366,3104828,1335594,2902831,3437367,634267,1470273,6961 
2.385,2835606,3043174,1318317,2895987,3496966,625466,1461433,64 
2.385,2819933,3036450,1328988,2906830,3649646,620744,1492741,-3081 
2.386,2827667,3099966,1348160,2913544,3622823,621760,1510961,-7409 
2.386,2853171,3171349,1359621,2913947,3453599,632590,1501033,748 
2.386,2852919,3105528,1336167,2903914,3437354,634124,1471071,6969 
2.387,2835575,3042028,1318174,2895950,3500702,625206,1461504,73 
2.387,2820130,3037140,1329173,2906601,3650965,620614,1492898,-3217 
2.389,2828334,3101499,1348532,2913528,3620726,621943,1510919,-7304 
2.389,2853740,3171386,1359415,2913569,3452740,632791,1500333,1044 
2.389,2852815,3102432,1334914,2902467,3439580,634094,1469329,7000 
2.390,2835521,3040490,1317981,2895946,3503036,625189,1461506,-130 
2.390,2820298,3037453,1329493,2906945,3652112,620658,1493381,-3362 
2.390,2829126,3105278,1349589,2914164,3616561,622108,1511743,-7383 
2.391,2854328,3173048,1360323,2914863,3452657,633141,1501522,1491 
2.391,2852791,3101466,1334649,2902426,3440561,633973,1469074,6859 
2.391,2835518,3040309,1318252,2896421,3506635,625277,1462168,-87 
2.392,2820325,3037639,1329726,2907151,3654466,620696,1493819,-3562 
2.392,2829808,3107399,1349916,2913957,3613438,622329,1511467,-7463 
2.392,2854848,3172709,1359985,2914106,3451333,633473,1500394,1671 
2.393,2853004,3101179,1334838,2903454,3441676,634085,1469722,6757 
2.827,2835654,3041403,1318513,2896391,3506922,625258,1462436,-306 
2.828,2820733,3038966,1330413,2907443,3656313,620972,1494569,-3326 
2.829,2830083,3106096,1349532,2913723,3614368,622524,1510964,-7358 
2.830,2855126,3171786,1359247,2913336,3448690,633438,1499261,1488 
2.830,2853156,3100816,1334246,2901962,3439300,634088,1468324,6621 
2.830,2835842,3043591,1319074,2896458,3506864,625353,1462984,-322 
2.830,2821032,3040864,1331016,2907753,3657549,621098,1495270,-3294 
2.831,2830788,3109321,1350331,2913931,3611479,622696,1511315,-7446 
2.831,2855937,3173263,1359776,2913546,3448131,633969,1499293,1887 
2.832,2853546,3100278,1334326,2902319,3441109,634251,1468519,6748 
2.833,2835693,3041509,1318966,2896680,3512288,625332,1463363,-294 
2.833,2820983,3038731,1330808,2907860,3661583,621120,1495507,-3488 
2.833,2831508,3108839,1350323,2914066,3609982,623118,1511223,-7363 
2.834,2856303,3171796,1359325,2913466,3447641,634268,1498837,2001 
2.834,2853381,3098216,1333638,2901913,3442376,634262,1467971,6622 
2.835,2835483,3039715,1318679,2896693,3515905,625376,1463544,-402 
2.836,2820763,3038789,1330746,2907734,3662676,621026,1495619,-3816 
2.837,2831864,3110793,1350870,2914267,3607714,623377,1511517,-7334 
2.843,2856321,3170319,1359039,2913278,3448646,634517,1498395,2233 
2.843,2853126,3095818,1333033,2901596,3443523,634224,1467378,6405 
2.844,2835487,3039898,1319070,2896904,3516304,625478,1464076,-489 
2.844,2821050,3040683,1331666,2908176,3662629,621221,1496668,-3778 
2.845,2832396,3112802,1351353,2914269,3605403,623573,1511804,-7293 
2.846,2856876,3171095,1359342,2913422,3447320,634766,1498553,2434 
2.847,2853315,3095729,1333214,2901854,3444410,634323,1467729,6445 
2.848,2835523,3040065,1319336,2897051,3518369,625480,1464570,-604 
2.849,2821371,3041073,1332243,2908594,3664571,621397,1497344,-3634 
2.850,2832729,3112602,1351533,2914358,3604888,623606,1511703,-7279 
2.850,2857143,3170451,1359288,2913399,3446587,634770,1498243,2409 
2.850,2853496,3095661,1333196,2901581,3442943,634113,1467351,6143 
2.851,2835853,3042696,1320203,2897496,3517907,625542,1465366,-470 
2.851,2821312,3041472,1332438,2908896,3666907,621298,1497824,-3552 
2.851,2832951,3113899,1351615,2914298,3602913,623579,1511516,-7254 
2.852,2857134,3170523,1359226,2913766,3446894,634799,1498262,2626 
2.852,2853283,3094748,1333165,2902510,3445029,634023,1467943,6149 
2.853,2835496,3040799,1319793,2897271,3520323,625302,1465151,-719 
2.854,2821437,3041433,1332532,2908620,3666104,621253,1497754,-3788 
2.860,2833614,3115186,1352064,2914199,3598409,623729,1511491,-7340 
2.860,2857820,3171020,1359418,2913360,3443758,635036,1497876,2764 
2.860,2853611,3093754,1332848,2901215,3443669,634082,1466811,6176 
2.861,2835652,3040735,1320266,2897406,3521648,625341,1465614,-676 
2.862,2821582,3041576,1332901,2908783,3667889,621228,1498177,-3821 
2.863,2834153,3116203,1352408,2914216,3596517,623832,1511437,-7357 
2.864,2858124,3170247,1359354,2913266,3443531,635191,1497353,3006 
2.865,2853462,3092291,1332488,2901259,3444868,633954,1466378,6103 
2.865,2835483,3040342,1320449,2897933,3524319,625282,1466081,-729 
2.866,2821706,3042694,1333431,2909125,3668048,621329,1498629,-3921 
2.866,2834598,3118763,1353073,2914413,3593724,624086,1511666,-7247 
2.867,2858266,3169188,1359098,2913196,3444194,635364,1496979,3294 
2.868,2853226,3090122,1331846,2900941,3446065,633813,1465867,5989 
2.868,2835353,3040036,1320381,2897667,3524986,625173,1466114,-845 
2.868,2821787,3043878,1333840,2909138,3667992,621258,1498983,-3828 
2.869,2834810,3119550,1353028,2914095,3591447,623856,1511244,-7313 
2.870,2858509,3168830,1359048,2913184,3443349,635293,1496746,3427 
2.879,2853227,3089729,1331815,2900726,3445894,633528,1465633,5799 
2.879,2835448,3041458,1321013,2897836,3526693,624971,1466754,-887 
2.880,2822079,3044484,1334341,2909458,3670758,621224,1499566,-3778 
2.880,2835663,3121154,1353548,2914392,3589536,624086,1511256,-7276 
2.880,2859056,3169651,1359173,2913179,3441951,635484,1496338,3477 
2.881,2853546,3091164,1332293,2901188,3445201,633573,1466003,5724 
2.881,2835479,3041766,1321925,2899863,3532710,625140,1468816,-671 
2.881,2822313,3044020,1334435,2909893,3672934,621256,1499840,-4035 
2.882,2836556,3122982,1353987,2914443,3585437,624346,1511073,-7321 
2.883,2859838,3170483,1359369,2913142,3439658,635804,1495985,3814 
2.884,2853556,3088933,1331568,2900573,3446428,633469,1465054,5779 
2.884,2835020,3038556,1320736,2897996,3533854,624831,1466933,-896 
2.885,2822173,3043473,1334411,2909633,3673457,621164,1499778,-4114 
2.885,2837042,3124094,1354498,2914819,3583469,624588,1511431,-7113 
2.885,2859779,3168316,1358888,2913023,3441168,635868,1495479,4027 
2.886,2853028,3085055,1330583,2900253,3449809,633309,1464348,5606 
2.887,2834788,3037350,1320749,2898211,3536840,624814,1467421,-1092 
2.893,2822238,3044759,1334871,2909808,3673474,621157,1500354,-4465 
2.893,2837801,3127991,1355336,2914846,3578729,624841,1511675,-7102 
2.894,2860319,3169036,1359166,2913134,3440701,636058,1495524,4253 
2.895,2853491,3086750,1331149,2900651,3449558,633284,1465007,5519 
2.895,2835146,3039337,1321579,2898648,3539536,624788,1468616,-1049 
2.895,2822800,3047060,1335718,2910144,3674187,621174,1501288,-4412 
2.896,2838459,3129369,1355613,2914858,3577394,625056,1511729,-6959 
2.896,2860705,3168781,1359008,2913095,3440956,636248,1495306,4426 
2.896,2853387,3084433,1330470,2900336,3452239,633268,1464461,5420 
2.897,2835304,3040067,1321803,2898896,3540172,624860,1469047,-1193 
2.897,2822963,3047083,1335869,2910402,3676179,621274,1501763,-4313 
2.897,2838777,3128940,1355428,2914953,3576556,625060,1511578,-6965 
2.898,2860778,3166444,1358281,2912907,3440848,636291,1494532,4393 
2.898,2853468,3085034,1330479,2900251,3449387,633114,1464294,5145 
2.898,2835099,3040638,1322321,2899319,3543901,624926,1469948,-971 
2.899,2822826,3046627,1336011,2910616,3678978,621327,1502168,-4379 
2.899,2839312,3130031,1355601,2914853,3572962,625295,1511256,-7056 
2.899,2861369,3168148,1358736,2913252,3438513,636595,1494808,4538 
2.900,2853828,3084728,1330748,2900592,3451734,633444,1464798,5373 
2.900,2835163,3039030,1322421,2899663,3548184,625113,1470520,-1037 
2.900,2823230,3046634,1336331,2910979,3679666,621617,1502627,-4444 
2.901,2839987,3131884,1356108,2914956,3569126,625573,1511417,-7098 
2.901,2861695,3167324,1358604,2913042,3438198,636846,1494431,4746 
2.901,2853548,3082072,1330167,2900378,3453684,633309,1464344,5238 
2.902,2834877,3037373,1322258,2899638,3550442,624895,1470648,-1215 
2.902,2823493,3047964,1336871,2911226,3678137,621509,1503166,-4681 
2.910,2840748,3134374,1356804,2915115,3565129,625833,1511585,-6829 
2.910,2861711,3164876,1358149,2912897,3440296,636922,1493885,5178 
2.911,2853059,3078762,1329163,2899849,3455061,632920,1463497,4867 
2.911,2834788,3037382,1322424,2899709,3550682,624794,1471046,-1426 
2.911,2823591,3049301,1337374,2911215,3677661,621544,1503574,-4689 
2.912,2841132,3134780,1356993,2915188,3564343,626034,1511557,-6671 
2.912,2861994,3163615,1357928,2913054,3440028,637087,1493681,5198 
2.912,2853353,3079668,1329530,2899999,3453686,632993,1463689,4684 
2.913,2834989,3039558,1323410,2900246,3552461,625018,1472112,-1327 
2.913,2823874,3049551,1337831,2911598,3680028,621787,1504125,-4564 
2.913,2841600,3134277,1357019,2915352,3563916,626353,1511376,-6564 
2.914,2862144,3162214,1357481,2912707,3438762,637154,1492926,5044 
2.914,2853557,3079780,1329763,2900081,3452322,633110,1463804,4651 
2.915,2834934,3038674,1323731,2900704,3556026,625135,1472884,-1144 
2.915,2823876,3048378,1337774,2911554,3681215,621719,1504197,-4697 
2.915,2842251,3136046,1357366,2915204,3558287,626427,1511113,-6680 
2.916,2862573,3163975,1357860,2912658,3435764,637321,1492879,5302 
2.916,2853323,3078756,1329515,2899861,3454404,632953,1463669,4778 
2.916,2834458,3036546,1323343,2900441,3560656,624926,1472808,-1137 
2.917,2823741,3048291,1337698,2911406,3681254,621541,1504154,-5067 
2.917,2842928,3139234,1358166,2915461,3552999,626651,1511456,-6731 
2.917,2862963,3163929,1358152,2912912,3436296,637678,1492981,5699 
2.918,2853187,3077219,1329347,2899913,3456608,632897,1463621,4583 
3.308,2834479,3036786,1323913,2900863,3562725,624966,1473593,-1372 
3.309,2824420,3050919,1338836,2911997,3680698,621915,1505116,-4961 
3.309,2843680,3141061,1358773,2915464,3550993,627000,1511457,-6478 
3.309,2863031,3162367,1357680,2912459,3436179,637526,1492231,5574 
3.310,2853219,3076745,1329266,2899916,3457039,632758,1463641,4434 
3.310,2834585,3037621,1324333,2901021,3564137,624931,1474210,-1412 
3.310,2824738,3052480,1339371,2912132,3680669,621965,1505651,-4928 
3.311,2844065,3141376,1358709,2915351,3549964,627089,1511231,-6368 
3.311,2863118,3160715,1357165,2912266,3436218,637549,1491660,5707 
3.312,2852981,3074982,1328766,2899558,3457885,632613,1463150,4364 
3.312,2834400,3037324,1324448,2901176,3566080,624853,1474644,-1386 
3.312,2824749,3052379,1339483,2912205,3680836,621848,1505786,-5050 
3.313,2844564,3141683,1359048,2915834,3548989,627372,1511385,-6139 
3.313,2863490,3158966,1356896,2912422,3436907,637732,1491338,5754 
3.313,2853424,3075052,1329018,2899774,3457193,632746,1463318,4205 
3.314,2834516,3037764,1324909,2901506,3568390,624878,1475314,-1501 
3.314,2825047,3052499,1339899,2912530,3682292,622021,1506288,-5080 
3.314,2845144,3142144,1359214,2915711,3546491,627614,1511116,-6206 
3.315,2863883,3159523,1357114,2912491,3435593,638073,1491359,5877 
3.315,2853430,3074039,1328998,2900018,3458605,632931,1463529,4278 
3.315,2834304,3036530,1324849,2901629,3570964,624948,1475551,-1562 
3.316,2825263,3053268,1340047,2912609,3681547,622158,1506484,-5213 
3.316,2845848,3144623,1359753,2915777,3542517,627889,1511209,-6101 
3.316,2864036,3158795,1356966,2912484,3436794,638215,1491116,6183 
3.317,2853128,3072328,1328453,2899636,3460507,632696,1463037,4111 
3.317,2834089,3035806,1324924,2901719,3573521,624789,1475937,-1668 
3.317,2825376,3054344,1340568,2912929,3681366,622068,1507126,-5272 
3.318,2846175,3145601,1359997,2915839,3540561,627896,1511329,-5978 
3.318,2863928,3156092,1356346,2912308,3438138,638109,1490589,6240 
3.318,2852863,3070133,1327939,2899506,3461479,632476,1462821,3849 
3.319,2834148,3035803,1325353,2902136,3575367,624916,1476836,-1692 
3.320,2825848,3055895,1341200,2913129,3680287,622354,1507674,-5299 
3.324,2846986,3146955,1360486,2916082,3537985,628386,1511508,-5716 
3.325,2864174,3155149,1356224,2912415,3437762,638236,1490503,6288 
3.325,2852919,3070250,1328108,2899509,3461446,632359,1462989,3634 
3.326,2834225,3036820,1325984,2902519,3577140,624948,1477645,-1629 
3.326,2825963,3055028,1341258,2913291,3681749,622366,1507751,-5199 
3.327,2847154,3145776,1360159,2915968,3536559,628383,1510823,-5641 
3.327,2864048,3152470,1355430,2911963,3437018,638069,1489443,6229 
3.327,2852813,3068645,1327884,2899606,3461661,632380,1462843,3766 
3.328,2833718,3034218,1325608,2902624,3581199,624803,1477815,-1635 
3.328,2825888,3055430,1341635,2914007,3680641,622176,1508592,-5594 
3.328,2847667,3148349,1361023,2917036,3532483,628489,1511840,-5834 
3.329,2864578,3153603,1355924,2912293,3435829,638470,1489771,6562 
3.329,2852644,3067463,1327804,2899521,3463419,632258,1462866,3607 
3.329,2833551,3033573,1325899,2902795,3583847,624758,1478291,-1739 
3.330,2826048,3054981,1341605,2913361,3680194,622278,1508060,-5654 
3.330,2848254,3148638,1361113,2916181,3528854,628928,1510956,-5487 
3.330,2864466,3151718,1355610,2912270,3436092,638527,1489439,6618 
3.331,2852547,3066874,1327860,2899605,3463199,632275,1462914,3481 
3.331,2833587,3034621,1326562,2903124,3584388,624866,1479073,-1734 
3.331,2826343,3057583,1342342,2913559,3678044,622350,1508594,-5633 
3.331,2848526,3149189,1361261,2916218,3527231,629057,1510744,-5241 
3.332,2864231,3149502,1354931,2911829,3436621,638381,1488608,6638 
3.332,2852161,3065718,1327439,2899304,3463099,632003,1462574,3255 
3.332,2833255,3034810,1326888,2903372,3585502,624701,1479692,-1819 
3.333,2826314,3057539,1342576,2913609,3678071,622342,1508786,-5642 
3.333,2849055,3150436,1361563,2916130,3523246,629212,1510553,-5167 
3.333,2864372,3147856,1354651,2911639,3436436,638479,1488088,6760 
3.334,2852068,3064757,1327346,2899262,3463973,631898,1462483,3102 
3.334,2833346,3034462,1327115,2903561,3588009,624810,1480047,-1735 
3.334,2826669,3058057,1342914,2913814,3677534,622412,1508979,-5781 
3.335,2849442,3150819,1361876,2916592,3522739,629433,1510758,-4969 
3.335,2864259,3145694,1354238,2911649,3437480,638467,1487754,6834 
3.335,2851729,3062412,1327061,2899311,3465719,631816,1462451,2998 
3.337,2832950,3032851,1327154,2903819,3590769,624801,1480559,-1897 
3.338,2826798,3058044,1343271,2914171,3676859,622648,1509424,-5744 
3.338,2849691,3151712,1362232,2916783,3519560,629633,1510899,-4993 
3.339,2864361,3146861,1354905,2912852,3436593,638631,1488961,6838 
3.340,2851691,3062300,1327198,2899649,3465855,631896,1462820,3083 
3.341,2832840,3032894,1327315,2903863,3591441,624738,1480790,-1876 
3.341,2826927,3059401,1343655,2914019,3675042,622496,1509576,-5926 
3.341,2850401,3153660,1362728,2916446,3515640,629804,1510678,-4866 
3.342,2864791,3146778,1354681,2911607,3434757,638721,1487706,7089 
3.342,2851629,3061294,1327136,2899308,3468205,631731,1462664,3116 
3.343,2832593,3031862,1327362,2903876,3594994,624457,1481064,-2079 
3.343,2827390,3061737,1344303,2914374,3673047,622500,1510042,-6077 
3.344,2851038,3155296,1363175,2916671,3513725,630033,1510681,-4543 
3.344,2864452,3143607,1353820,2911380,3437470,638518,1486824,7058 
3.344,2851351,3060637,1326849,2899223,3467526,631444,1462343,2632 
3.344,2832708,3033209,1328166,2904456,3596191,624652,1482041,-1971 
3.345,2827441,3060893,1344368,2914482,3674756,622737,1510105,-5854 
3.345,2851081,3153306,1362561,2916466,3512029,630163,1509855,-4532 
3.345,2864293,3140386,1353195,2911413,3437424,638620,1486277,7161 
3.346,2850964,3058339,1326502,2899133,3468365,631329,1462148,2581 
3.346,2832347,3031856,1328158,2904533,3597998,624498,1482347,-2050 
3.346,2827524,3060908,1344544,2914463,3673166,622649,1510165,-6016 
3.347,2851466,3154678,1363146,2916987,3509317,630293,1510287,-4420 
3.347,2864455,3141414,1353710,2912347,3435968,638531,1487171,7089 
3.347,2850876,3059442,1326908,2899315,3468243,631201,1462683,2481 
3.348,2832156,3032706,1328704,2904913,3601202,624471,1483303,-2004 
3.348,2827963,3063483,1345386,2914936,3671381,622671,1510944,-6121 
3.348,2852393,3157464,1363768,2916845,3505195,630566,1510157,-4159 
3.349,2864682,3141100,1353270,2911059,3434545,638506,1485795,7122 
3.349,2850874,3058301,1326951,2899395,3471291,631241,1462784,2581 
3.349,2832094,3031588,1328801,2905169,3605012,624513,1483674,-2005 
3.350,2828277,3063444,1345407,2914778,3670737,622744,1510758,-6277 
3.350,2852887,3157299,1363791,2916822,3503158,630909,1509759,-3916 
3.350,2864444,3136881,1352234,2910993,3437180,638597,1485033,7288 
3.350,2850682,3056250,1326330,2899229,3470666,631028,1462379,2239 
3.351,2832072,3032584,1329276,2905410,3605025,624344,1484377,-2118 
3.351,2828443,3064804,1345850,2914999,3669710,622760,1511166,-6196 
3.351,2853210,3157209,1363715,2916816,3501061,631009,1509433,-3791 
3.352,2864446,3135766,1351764,2910564,3435780,638502,1484270,7176 
3.352,2850272,3054773,1326123,2899181,3473066,630956,1462360,2224 
3.355,2831831,3031152,1329454,2905893,3608512,624500,1484978,-2081 
3.356,2828527,3064305,1345879,2915073,3669093,622923,1511079,-6304 
3.357,2853583,3157704,1363869,2916824,3497936,631240,1509194,-3835 
3.358,2864624,3135119,1351919,2910695,3435293,638717,1484224,7280 
3.359,2850306,3055777,1326571,2899309,3472268,630941,1462777,2046 
3.360,2831664,3031338,1329781,2905860,3610343,624510,1485392,-2066 
3.360,2828831,3065925,1346457,2915055,3666409,622911,1511264,-6474 
3.360,2854226,3159633,1364643,2917232,3495551,631608,1509585,-3376 
3.361,2864596,3133495,1351570,2910474,3435777,638639,1483813,7316 
3.361,2850125,3054954,1326583,2899331,3473573,630828,1462806,2012 
3.361,2831446,3030478,1329999,2906171,3614065,624469,1485932,-2071 
3.362,2829106,3066036,1346680,2915257,3666058,622968,1511444,-6532 
3.362,2854524,3159724,1364394,2916892,3492228,631636,1508849,-3486 
3.362,2864535,3131648,1351111,2910481,3436564,638758,1483316,7515 
3.363,2849731,3051694,1326004,2899511,3476477,630729,1462684,1919 
3.790,2831169,3029164,1329934,2906329,3616182,624406,1486267,-2235 
3.790,2829305,3066830,1346966,2915270,3663504,622988,1511597,-6753 
3.791,2855183,3161658,1365103,2917093,3488466,631929,1509104,-3289 
3.791,2864853,3132433,1351429,2910460,3434683,638802,1483292,7541 
3.791,2849834,3053354,1326604,2899413,3476035,630591,1463062,1880 
3.791,2831179,3031145,1330752,2906532,3617329,624206,1487064,-2247 
3.792,2829628,3069159,1347685,2915454,3662896,622991,1512030,-6631 
3.792,2855431,3161381,1365128,2917261,3488557,632020,1508902,-2974 
3.793,2864531,3129304,1350550,2910146,3436416,638568,1482394,7503 
3.793,2849573,3051402,1326158,2899346,3477308,630409,1462730,1704 
3.793,2831218,3031001,1330970,2906858,3618208,624247,1487438,-2252 
3.794,2829918,3070112,1347891,2915640,3661146,623084,1512093,-6604 
3.794,2855701,3161149,1364903,2917070,3486830,632110,1508399,-2860 
3.794,2864425,3128152,1350193,2909991,3436248,638399,1482031,7444 
3.795,2849296,3050947,1326126,2899528,3478694,630188,1462990,1599 
3.795,2831061,3030781,1331080,2906954,3619206,624081,1487659,-2351 
3.795,2830061,3069744,1348063,2915833,3661231,623123,1512139,-6517 
3.796,2855824,3160061,1364703,2917127,3486456,632228,1508043,-2777 
3.796,2864381,3125973,1349704,2909914,3435971,638404,1481539,7220 
3.797,2849424,3050027,1326184,2899657,3478889,630389,1463074,1648 
3.797,2830889,3028568,1331039,2907355,3623479,624311,1488212,-2218 
3.798,2830091,3068628,1347991,2915999,3660318,623180,1512254,-6782 
3.798,2856099,3159350,1364590,2917082,3483684,632417,1507746,-2740 
3.798,2864496,3124427,1349492,2909978,3435602,638651,1481414,7439 
3.799,2849183,3048923,1326096,2899754,3479649,630428,1463299,1599 
3.799,2830679,3028478,1331259,2907564,3624607,624358,1488731,-2273 
3.799,2830466,3070276,1348331,2915851,3656598,623301,1512200,-6869 
3.799,2856671,3161509,1365210,2917200,3480139,632668,1507846,-2501 
3.800,2864259,3123526,1349319,2909944,3436177,638427,1481164,7484 
3.800,2848624,3046928,1325745,2899584,3481356,630024,1463016,1415 
3.800,2830412,3028826,1331516,2907578,3624365,624026,1488973,-2564 
3.801,2831021,3074471,1349687,2916678,3652946,623422,1513402,-6774 
3.801,2857012,3162783,1365974,2918523,3479863,632894,1508960,-2060 
3.801,2864058,3121269,1348608,2909555,3436682,638339,1480331,7393 
3.803,2848605,3046829,1325926,2899732,3482400,630067,1463351,1334 
3.804,2830488,3029121,1332158,2908219,3627723,624141,1490079,-2427 
3.804,2831136,3073091,1349214,2916196,3653489,623446,1512730,-6805 
3.805,2857156,3159664,1364711,2917083,3477962,632947,1506928,-2152 
3.806,2863990,3118284,1347861,2909281,3436043,638355,1479548,7292 
3.807,2848432,3045753,1325768,2899693,3482273,630006,1463339,1103 
3.807,2830409,3028464,1332327,2908219,3628530,624228,1490266,-2403 
3.808,2831438,3073476,1349608,2916273,3651024,623557,1512746,-6844 
3.808,2857675,3161553,1365348,2917181,3473468,633203,1506916,-1947 
3.809,2864071,3118821,1348279,2909471,3435091,638406,1479778,7432 
3.810,2848084,3045423,1325891,2899681,3484101,629823,1463558,1188 
3.810,2829954,3027418,1332240,2908119,3631321,623963,1490469,-2584 
3.811,2831730,3074973,1350013,2916199,3647916,623524,1512806,-7049 
3.811,2858284,3163349,1365894,2917365,3471076,633461,1507103,-1630 
3.812,2864130,3117601,1347978,2909215,3435760,638323,1479368,7564 
3.813,2848039,3044420,1325827,2899719,3485184,629599,1463628,1081 
3.813,2829957,3027251,1332581,2908674,3633939,623899,1491241,-2512 
3.814,2831979,3075008,1350073,2916383,3647075,623454,1512916,-7169 
3.815,2858607,3162588,1365811,2917485,3470233,633676,1506971,-1407 
3.815,2863781,3113914,1347026,2908963,3437521,638228,1478683,7417 
3.816,2847739,3041863,1325389,2899746,3486603,629604,1463563,890 
3.816,2829895,3026603,1332703,2908686,3634221,623988,1491461,-2657 
3.817,2832341,3076099,1350604,2916529,3644571,623706,1513151,-7060 
3.818,2858893,3161603,1365889,2917681,3468800,633846,1506730,-1210 
3.819,2863771,3113559,1347250,2909488,3436368,638159,1478951,7406 
3.820,2847584,3042593,1326233,2901033,3488189,629440,1465081,815 
3.821,2829824,3027832,1333401,2908979,3634758,623848,1492231,-2762 
3.822,2832659,3078250,1351148,2916554,3641407,623707,1513349,-7114 
3.823,2859349,3163198,1366120,2917435,3465135,633983,1506399,-990 
3.823,2863693,3112299,1346689,2908627,3435848,637993,1477928,7348 
3.824,2847436,3043193,1326202,2900183,3487896,629308,1464611,806 
3.824,2829449,3026237,1333357,2909129,3639529,623767,1492558,-2547 
3.824,2832798,3078012,1351009,2916438,3639675,623548,1512947,-7318 
3.825,2859568,3161619,1365820,2917433,3464804,634128,1505814,-826 
3.825,2863755,3110729,1346380,2908509,3434411,637944,1477304,7226 
3.825,2847165,3041648,1325941,2899994,3489157,629173,1464310,708 
3.826,2829384,3026633,1333683,2909345,3640216,623646,1493046,-2759 
3.826,2833296,3079641,1351743,2916948,3638148,623796,1513490,-7149 
3.826,2860064,3163310,1366105,2917391,3460954,634299,1505583,-669 
3.827,2863560,3109634,1345990,2908297,3435204,637874,1476957,7356 
3.827,2846691,3039434,1325776,2900443,3493583,629079,1464786,719 
3.827,2829106,3025301,1333966,2910580,3644046,623691,1494205,-2794 
3.828,2833481,3078684,1351556,2916791,3636066,623944,1512935,-7276 
3.828,2860208,3161363,1365772,2917433,3460149,634572,1505036,-516 
3.828,2863188,3105899,1345089,2908088,3435809,637839,1476158,7134 
3.829,2846603,3038133,1325562,2900246,3491949,629141,1464460,482 
3.829,2829241,3025964,1334164,2909813,3642068,623926,1493822,-2790 
3.829,2833806,3081796,1352341,2916838,3632030,624058,1513478,-7314 
3.830,2860396,3162655,1366146,2917421,3458322,634723,1505259,-264 
3.830,2863088,3104558,1345057,2908482,3438068,637954,1476441,7348 
3.830,2846296,3037563,1325892,2901374,3494675,629028,1465656,346 
3.831,2829056,3025965,1334338,2910025,3642552,623800,1494196,-2961 
3.831,2834059,3082963,1352663,2917146,3630025,624138,1513716,-7237 
3.831,2860629,3161982,1366026,2917458,3457465,634837,1504941,-5 
3.832,2862976,3103853,1344619,2907874,3436163,637703,1475603,7223 
3.832,2846133,3038369,1325700,2900088,3492597,628798,1464771,253 
3.832,2829021,3027221,1334853,2910024,3643287,623670,1494725,-2906 
3.833,2834377,3083407,1352797,2916872,3628918,624083,1513429,-7229 
3.833,2860928,3161644,1365874,2917301,3456126,634822,1504455,86 
3.833,2862917,3103142,1344378,2907731,3435117,637405,1475275,6983 
3.834,2845975,3038066,1325912,2900314,3495219,628668,1465114,378 
3.834,2828616,3024824,1334656,2910298,3648475,623539,1494903,-2806 
3.834,2834343,3082609,1352734,2917301,3627779,623976,1513346,-7416 
3.834,2861316,3162404,1366334,2918616,3453701,634980,1505135,139 
3.837,2862804,3101227,1343966,2907686,3435515,637402,1474753,7060 
3.838,2845502,3036208,1325671,2900365,3497341,628565,1465155,152 
3.838,2828678,3025542,1335186,2910842,3648935,623712,1495699,-2916 
3.839,2835048,3085265,1353325,2917181,3622853,624371,1513278,-7383 
3.839,2861422,3160614,1365753,2917536,3453506,635436,1503717,593 
3.839,2862429,3097929,1343117,2907323,3436574,637416,1473884,6869 
3.840,2845349,3034176,1325588,2900556,3499099,628721,1465256,233 
3.840,2828416,3025308,1335206,2910596,3648156,623563,1495698,-3196 
3.840,2835371,3086788,1353852,2917218,3619706,624523,1513472,-7300 
3.841,2861824,3161227,1366031,2917656,3450749,635567,1503701,761 
3.841,2862516,3097622,1343169,2907349,3436189,637496,1473833,7030 
3.841,2845104,3034182,1325643,2900472,3499310,628468,1465361,3 
3.842,2828242,3024794,1335407,2910769,3650708,623471,1495996,-3162 
3.842,2835380,3085539,1353562,2917097,3619511,624433,1513009,-7446 
3.842,2862085,3160151,1365878,2917496,3449159,635771,1503116,904 
3.843,2862255,3095748,1342773,2907105,3436137,637366,1473359,6812 
3.843,2845163,3035612,1326574,2901729,3499838,628627,1466877,4 
3.844,2828530,3025693,1336278,2912265,3652278,623782,1497587,-2939 
3.844,2835759,3087258,1353883,2917171,3616707,624517,1513141,-7524 
3.845,2862110,3159187,1365534,2917409,3449896,635827,1502879,1010 
3.845,2862318,3094473,1342471,2907034,3436139,637308,1473104,6764 
3.845,2844888,3032533,1325851,2900910,3502865,628598,1466053,116 
